序号,链接,节点数
0,https://nodefree.githubrowcontent.com/2026/02/20260210.yaml,0
1,https://v2rayshare.githubrowcontent.com/2026/02/20260210.yaml,0
2,http://clash.554556.xyz,111
3,http://dingyue.davesuen.store,0
4,http://dy.5468936.xyz,0
5,http://mjj.oldzhg.com,82
6,http://proxy-air.zheyu.one,22
7,http://proxy-mini.zheyu.one,22
8,http://proxy-phone.zheyu.one,485
9,http://proxy.zheyu.one,96
10,https://gitlab.com/colloq168/nodefiltrate/-/raw/main/filtrate?ref_type=heads,0
11,https://igdux.top/5Hna,22
12,https://kpox8pzltp8.irss.eu.org,0
13,https://mxlsub.me/newfull,0
14,https://proxypool.link/clash/proxies,139
15,https://raw.githubusercontent.com/Huibq/TrojanLinks/master/links/ssr,20
16,https://raw.githubusercontent.com/Huibq/TrojanLinks/master/links/vmess,43
17,https://raw.githubusercontent.com/Jsnzkpg/Jsnzkpg/Jsnzkpg/Jsnzkpg,0
18,https://raw.githubusercontent.com/Pawdroid/Free-servers/refs/heads/main/sub,10
19,https://raw.githubusercontent.com/Q3dlaXpoaQ/V2rayN_Clash_Node_Getter/refs/heads/main/APIs/sc0.yaml,30
20,https://raw.githubusercontent.com/Q3dlaXpoaQ/V2rayN_Clash_Node_Getter/refs/heads/main/APIs/sc1.yaml,78
21,https://raw.githubusercontent.com/Roywaller/clash_subscription/refs/heads/main/clash_subscription.txt,0
22,https://raw.githubusercontent.com/Ruk1ng001/freeSub/main/clash.yaml,31
23,https://raw.githubusercontent.com/a2470982985/getNode/main/clash.yaml,0
24,https://raw.githubusercontent.com/abshare/abshare.github.io/main/README.md,38
25,https://raw.githubusercontent.com/aiboboxx/clashfree/refs/heads/main/clash.yml,0
26,https://raw.githubusercontent.com/anaer/Sub/refs/heads/main/clash.yaml,0
27,https://raw.githubusercontent.com/ermaozi/get_subscribe/main/subscribe/clash.yml,3
28,https://raw.githubusercontent.com/firefoxmmx2/v2rayshare_subcription/main/subscription/clash_sub.yaml,0
29,https://raw.githubusercontent.com/leetomlee123/freenode/refs/heads/main/README.md,13
30,https://raw.githubusercontent.com/mfuu/v2ray/master/v2ray,94
31,https://raw.githubusercontent.com/mgit0001/test_clash/refs/heads/main/heima.txt,25
32,https://raw.githubusercontent.com/mksshare/mksshare.github.io/main/README.md,53
33,https://raw.githubusercontent.com/peasoft/NoMoreWalls/master/list_raw.txt,201
34,https://raw.githubusercontent.com/ripaojiedian/freenode/main/clash,14
35,https://raw.githubusercontent.com/shahidbhutta/Clash/refs/heads/main/myProxyList,0
36,https://raw.githubusercontent.com/snakem982/proxypool/main/source/clash-meta.yaml,9
37,https://raw.githubusercontent.com/xiaoji235/airport-free/refs/heads/main/clash/naidounode.txt,14
38,https://raw.githubusercontent.com/zhangkaiitugithub/passcro/main/speednodes.yaml,9
39,https://sub.reajason.eu.org/clash.yaml,38
40,dynamic://peasoft,0

总计,,1422
